{"cameraMode":{"drawMode":0,"name":"Shaded","section":"Shading Mode"},"sceneLighting":true,"audioPlay":false,"sceneViewState":{"m_AlwaysRefresh":false,"showFog":true,"showSkybox":true,"showFlares":true,"showImageEffects":true,"showParticleSystems":true,"showVisualEffectGraphs":true,"m_FxEnabled":true},"in2DMode":false,"pivot":{"x":10.928705215454102,"y":21.35631561279297,"z":34.67631530761719},"rotation":{"x":-0.14618730545043946,"y":0.0033381041139364244,"z":-0.0003659880312625319,"w":-0.9893182516098023},"size":0.8660253882408142,"orthographic":false}