{"cameraMode":{"drawMode":0,"name":"Shaded","section":"Shading Mode"},"sceneLighting":true,"audioPlay":false,"sceneViewState":{"m_AlwaysRefresh":false,"showFog":true,"showSkybox":true,"showFlares":true,"showImageEffects":true,"showParticleSystems":true,"showVisualEffectGraphs":true,"m_FxEnabled":true},"in2DMode":false,"pivot":{"x":4.1864752769470219,"y":6.926592826843262,"z":38.99326705932617},"rotation":{"x":-0.0766090378165245,"y":0.05836423486471176,"z":-0.004342988133430481,"w":-0.9953935742378235},"size":1.8302381038665772,"orthographic":false}