{"cameraMode":{"drawMode":0,"name":"Shaded","section":"Shading Mode"},"sceneLighting":true,"audioPlay":false,"sceneViewState":{"m_AlwaysRefresh":false,"showFog":true,"showSkybox":true,"showFlares":true,"showImageEffects":true,"showParticleSystems":true,"showVisualEffectGraphs":true,"m_FxEnabled":true},"in2DMode":false,"pivot":{"x":0.7952020764350891,"y":2.821782112121582,"z":-23.964061737060548},"rotation":{"x":-0.058101702481508258,"y":-0.04753989726305008,"z":0.002904929220676422,"w":-0.997235119342804},"size":1.1151225566864014,"orthographic":false}